Source,Target,Source_Clean,Target_Clean,is_inst_self_cite,source_raw_id,target_raw_id,source_id,target_id,edge_key,edge_id,alignment_status,section,sentiment,relevance,confidence,q_ij,scoring_backend,has_llm_score,q_source,shared_authors_count,is_author_self_cite,rho_ij,team_collab_count,shared_institutions_count,rho_extended,delta_t,tau_ij,w_semantic,w_semantic_temporal,w_semantic_relation,w_full_v2,w_extended_v2
https://openalex.org/W4323644227,https://openalex.org/W2168402580,W4323644227,W2168402580,False,https://openalex.org/W4323644227,https://openalex.org/W2168402580,W4323644227,W2168402580,W4323644227->W2168402580,W4323644227->W2168402580,high_confidence,Methodology,0.5,0.7,0.9,0.3674999999999999,deepseek:deepseek-chat,True,target_aligned_llm,0,False,1.0,0,0,1.0,11,0.3125,0.3674999999999999,0.11484374999999997,0.3674999999999999,0.11484374999999997,0.11484374999999997
https://openalex.org/W4210813858,https://openalex.org/W2533772775,W4210813858,W2533772775,False,https://openalex.org/W4210813858,https://openalex.org/W2533772775,W4210813858,W2533772775,W4210813858->W2533772775,W4210813858->W2533772775,high_confidence,Introduction,0.0,0.3,0.85,0.018,deepseek:deepseek-chat,True,target_aligned_llm,0,False,1.0,0,0,1.0,6,0.45454545454545453,0.018,0.00818181818181818,0.018,0.00818181818181818,0.00818181818181818
https://openalex.org/W4210813858,https://openalex.org/W2743929098,W4210813858,W2743929098,False,https://openalex.org/W4210813858,https://openalex.org/W2743929098,W4210813858,W2743929098,W4210813858->W2743929098,W4210813858->W2743929098,high_confidence,Introduction,0.0,0.3,0.9,0.018,deepseek:deepseek-chat,True,target_aligned_llm,0,False,1.0,0,0,1.0,5,0.5,0.018,0.009,0.018,0.009,0.009
https://openalex.org/W4210813858,https://openalex.org/W2910976764,W4210813858,W2910976764,False,https://openalex.org/W4210813858,https://openalex.org/W2910976764,W4210813858,W2910976764,W4210813858->W2910976764,W4210813858->W2910976764,high_confidence,Introduction,0.0,0.4,0.9,0.032,deepseek:deepseek-chat,True,target_aligned_llm,0,False,1.0,0,0,1.0,2,0.7142857142857143,0.032,0.022857142857142857,0.032,0.022857142857142857,0.022857142857142857
https://openalex.org/W4210813858,https://openalex.org/W3084177365,W4210813858,W3084177365,False,https://openalex.org/W4210813858,https://openalex.org/W3084177365,W4210813858,W3084177365,W4210813858->W3084177365,W4210813858->W3084177365,high_confidence,Introduction,0.0,0.3,0.9,0.018,deepseek:deepseek-chat,True,target_aligned_llm,0,False,1.0,0,0,1.0,2,0.7142857142857143,0.018,0.012857142857142857,0.018,0.012857142857142857,0.012857142857142857
https://openalex.org/W3121561769,https://openalex.org/W2974598553,W3121561769,W2974598553,False,https://openalex.org/W3121561769,https://openalex.org/W2974598553,W3121561769,W2974598553,W3121561769->W2974598553,W3121561769->W2974598553,failed,Other,0.0,0.0,,0.3,default_unscored,False,default_unscored,0,False,1.0,0,0,1.0,1,0.8333333333333334,0.3,0.25,0.3,0.25,0.25
https://openalex.org/W2956647116,https://openalex.org/W2790400697,W2956647116,W2790400697,False,https://openalex.org/W2956647116,https://openalex.org/W2790400697,W2956647116,W2790400697,W2956647116->W2790400697,W2956647116->W2790400697,failed,Other,0.0,0.0,,0.3,default_unscored,False,default_unscored,0,False,1.0,0,0,1.0,1,0.8333333333333334,0.3,0.25,0.3,0.25,0.25
https://openalex.org/W2982407593,https://openalex.org/W2612128091,W2982407593,W2612128091,False,https://openalex.org/W2982407593,https://openalex.org/W2612128091,W2982407593,W2612128091,W2982407593->W2612128091,W2982407593->W2612128091,failed,Other,0.0,0.0,,0.3,default_unscored,False,default_unscored,0,False,1.0,0,0,1.0,2,0.7142857142857143,0.3,0.21428571428571427,0.3,0.21428571428571427,0.21428571428571427
https://openalex.org/W1516789636,https://openalex.org/W1777686370,W1516789636,W1777686370,True,https://openalex.org/W1516789636,https://openalex.org/W1777686370,W1516789636,W1777686370,W1516789636->W1777686370,W1516789636->W1777686370,failed,Other,0.0,0.0,,0.3,default_unscored,False,default_unscored,0,False,1.0,0,1,0.5,2,0.7142857142857143,0.3,0.21428571428571427,0.3,0.21428571428571427,0.10714285714285714
https://openalex.org/W3117086259,https://openalex.org/W2910976764,W3117086259,W2910976764,False,https://openalex.org/W3117086259,https://openalex.org/W2910976764,W3117086259,W2910976764,W3117086259->W2910976764,W3117086259->W2910976764,failed,Other,0.0,0.0,,0.3,default_unscored,False,default_unscored,0,False,1.0,0,0,1.0,0,1.0,0.3,0.3,0.3,0.3,0.3
https://openalex.org/W3117086259,https://openalex.org/W2974598553,W3117086259,W2974598553,False,https://openalex.org/W3117086259,https://openalex.org/W2974598553,W3117086259,W2974598553,W3117086259->W2974598553,W3117086259->W2974598553,failed,Other,0.0,0.0,,0.3,default_unscored,False,default_unscored,0,False,1.0,0,0,1.0,1,0.8333333333333334,0.3,0.25,0.3,0.25,0.25
https://openalex.org/W4377287661,https://openalex.org/W2018362551,W4377287661,W2018362551,False,https://openalex.org/W4377287661,https://openalex.org/W2018362551,W4377287661,W2018362551,W4377287661->W2018362551,W4377287661->W2018362551,failed,Other,0.0,0.0,,0.3,default_unscored,False,default_unscored,0,False,1.0,0,0,1.0,8,0.38461538461538464,0.3,0.11538461538461539,0.3,0.11538461538461539,0.11538461538461539
https://openalex.org/W3202764263,https://openalex.org/W2790400697,W3202764263,W2790400697,False,https://openalex.org/W3202764263,https://openalex.org/W2790400697,W3202764263,W2790400697,W3202764263->W2790400697,W3202764263->W2790400697,failed,Other,0.0,0.0,,0.3,default_unscored,False,default_unscored,0,False,1.0,0,0,1.0,4,0.5555555555555556,0.3,0.16666666666666666,0.3,0.16666666666666666,0.16666666666666666
https://openalex.org/W3202764263,https://openalex.org/W2974598553,W3202764263,W2974598553,False,https://openalex.org/W3202764263,https://openalex.org/W2974598553,W3202764263,W2974598553,W3202764263->W2974598553,W3202764263->W2974598553,failed,Other,0.0,0.0,,0.3,default_unscored,False,default_unscored,0,False,1.0,0,0,1.0,3,0.625,0.3,0.1875,0.3,0.1875,0.1875
https://openalex.org/W4312395603,https://openalex.org/W2743929098,W4312395603,W2743929098,False,https://openalex.org/W4312395603,https://openalex.org/W2743929098,W4312395603,W2743929098,W4312395603->W2743929098,W4312395603->W2743929098,failed,Other,0.0,0.0,,0.3,default_unscored,False,default_unscored,0,False,1.0,0,0,1.0,5,0.5,0.3,0.15,0.3,0.15,0.15
https://openalex.org/W4312395603,https://openalex.org/W2790400697,W4312395603,W2790400697,False,https://openalex.org/W4312395603,https://openalex.org/W2790400697,W4312395603,W2790400697,W4312395603->W2790400697,W4312395603->W2790400697,failed,Other,0.0,0.0,,0.3,default_unscored,False,default_unscored,0,False,1.0,0,0,1.0,4,0.5555555555555556,0.3,0.16666666666666666,0.3,0.16666666666666666,0.16666666666666666
https://openalex.org/W4312395603,https://openalex.org/W3084177365,W4312395603,W3084177365,False,https://openalex.org/W4312395603,https://openalex.org/W3084177365,W4312395603,W3084177365,W4312395603->W3084177365,W4312395603->W3084177365,failed,Other,0.0,0.0,,0.3,default_unscored,False,default_unscored,0,False,1.0,0,0,1.0,2,0.7142857142857143,0.3,0.21428571428571427,0.3,0.21428571428571427,0.21428571428571427
https://openalex.org/W2509511072,https://openalex.org/W1994174199,W2509511072,W1994174199,False,https://openalex.org/W2509511072,https://openalex.org/W1994174199,W2509511072,W1994174199,W2509511072->W1994174199,W2509511072->W1994174199,high_confidence,Introduction,0.4,0.7,0.9,0.1371999999999999,deepseek:deepseek-chat,True,target_aligned_llm,0,False,1.0,0,0,1.0,2,0.7142857142857143,0.1371999999999999,0.09799999999999993,0.1371999999999999,0.09799999999999993,0.09799999999999993
https://openalex.org/W2509511072,https://openalex.org/W2010653253,W2509511072,W2010653253,True,https://openalex.org/W2509511072,https://openalex.org/W2010653253,W2509511072,W2010653253,W2509511072->W2010653253,W2509511072->W2010653253,high_confidence,Introduction,0.0,0.1,0.9,0.002,deepseek:deepseek-chat,True,target_aligned_llm,1,True,0.5,4,1,0.14285714285714285,3,0.625,0.002,0.00125,0.001,0.000625,0.00017857142857142857
https://openalex.org/W4288391541,https://openalex.org/W3215634159,W4288391541,W3215634159,True,https://openalex.org/W4288391541,https://openalex.org/W3215634159,W4288391541,W3215634159,W4288391541->W3215634159,W4288391541->W3215634159,failed,Other,0.0,0.0,,0.3,default_unscored,False,default_unscored,2,True,0.3333333333333333,16,1,0.05,1,0.8333333333333334,0.3,0.25,0.09999999999999999,0.08333333333333333,0.0125
https://openalex.org/W2919782326,https://openalex.org/W2168402580,W2919782326,W2168402580,False,https://openalex.org/W2919782326,https://openalex.org/W2168402580,W2919782326,W2168402580,W2919782326->W2168402580,W2919782326->W2168402580,failed,Other,0.0,0.0,,0.3,default_unscored,False,default_unscored,0,False,1.0,0,0,1.0,7,0.4166666666666667,0.3,0.125,0.3,0.125,0.125
https://openalex.org/W4210813858,https://openalex.org/W2612128091,W4210813858,W2612128091,False,https://openalex.org/W4210813858,https://openalex.org/W2612128091,W4210813858,W2612128091,W4210813858->W2612128091,W4210813858->W2612128091,high_confidence,Introduction,0.0,0.5,0.9,0.05,deepseek:deepseek-chat,True,target_aligned_llm,0,False,1.0,0,0,1.0,5,0.5,0.05,0.025,0.05,0.025,0.025
https://openalex.org/W4210813858,https://openalex.org/W2293940046,W4210813858,W2293940046,False,https://openalex.org/W4210813858,https://openalex.org/W2293940046,W4210813858,W2293940046,W4210813858->W2293940046,W4210813858->W2293940046,high_confidence,Methodology,0.3,0.6,0.9,0.2339999999999999,deepseek:deepseek-chat,True,target_aligned_llm,0,False,1.0,0,0,1.0,7,0.4166666666666667,0.2339999999999999,0.09749999999999996,0.2339999999999999,0.09749999999999996,0.09749999999999996
https://openalex.org/W2508874533,https://openalex.org/W2010653253,W2508874533,W2010653253,False,https://openalex.org/W2508874533,https://openalex.org/W2010653253,W2508874533,W2010653253,W2508874533->W2010653253,W2508874533->W2010653253,grouped,Introduction,0.0,0.4,0.9,0.032,deepseek:deepseek-chat,True,target_aligned_llm,0,False,1.0,0,0,1.0,3,0.625,0.032,0.02,0.032,0.02,0.02
https://openalex.org/W3123243120,https://openalex.org/W2974598553,W3123243120,W2974598553,True,https://openalex.org/W3123243120,https://openalex.org/W2974598553,W3123243120,W2974598553,W3123243120->W2974598553,W3123243120->W2974598553,failed,Other,0.0,0.0,,0.3,default_unscored,False,default_unscored,0,False,1.0,0,1,0.5,0,1.0,0.3,0.3,0.3,0.3,0.15
https://openalex.org/W4226305897,https://openalex.org/W2734426755,W4226305897,W2734426755,False,https://openalex.org/W4226305897,https://openalex.org/W2734426755,W4226305897,W2734426755,W4226305897->W2734426755,W4226305897->W2734426755,grouped,Methodology,0.0,0.3,0.7,0.045,deepseek:deepseek-chat,True,target_aligned_llm,0,False,1.0,0,0,1.0,4,0.5555555555555556,0.045,0.025,0.045,0.025,0.025
https://openalex.org/W4226305897,https://openalex.org/W2743929098,W4226305897,W2743929098,False,https://openalex.org/W4226305897,https://openalex.org/W2743929098,W4226305897,W2743929098,W4226305897->W2743929098,W4226305897->W2743929098,high_confidence,Methodology,0.5,0.4,0.8,0.12,deepseek:deepseek-chat,True,target_aligned_llm,0,False,1.0,0,0,1.0,4,0.5555555555555556,0.12,0.06666666666666667,0.12,0.06666666666666667,0.06666666666666667
https://openalex.org/W4226305897,https://openalex.org/W2765365501,W4226305897,W2765365501,False,https://openalex.org/W4226305897,https://openalex.org/W2765365501,W4226305897,W2765365501,W4226305897->W2765365501,W4226305897->W2765365501,grouped,Result,0.3,0.7,0.9,0.3184999999999999,deepseek:deepseek-chat,True,target_aligned_llm,0,False,1.0,0,0,1.0,4,0.5555555555555556,0.3184999999999999,0.1769444444444444,0.3184999999999999,0.1769444444444444,0.1769444444444444
https://openalex.org/W4226305897,https://openalex.org/W2790400697,W4226305897,W2790400697,False,https://openalex.org/W4226305897,https://openalex.org/W2790400697,W4226305897,W2790400697,W4226305897->W2790400697,W4226305897->W2790400697,grouped,Result,0.0,0.4,0.8,0.08,deepseek:deepseek-chat,True,target_aligned_llm,0,False,1.0,0,0,1.0,3,0.625,0.08,0.05,0.08,0.05,0.05
https://openalex.org/W4226305897,https://openalex.org/W2920282816,W4226305897,W2920282816,False,https://openalex.org/W4226305897,https://openalex.org/W2920282816,W4226305897,W2920282816,W4226305897->W2920282816,W4226305897->W2920282816,grouped,Result,0.2,0.6,0.8,0.216,deepseek:deepseek-chat,True,target_aligned_llm,0,False,1.0,0,0,1.0,2,0.7142857142857143,0.216,0.15428571428571428,0.216,0.15428571428571428,0.15428571428571428
https://openalex.org/W2758203152,https://openalex.org/W2010653253,W2758203152,W2010653253,True,https://openalex.org/W2758203152,https://openalex.org/W2010653253,W2758203152,W2010653253,W2758203152->W2010653253,W2758203152->W2010653253,failed,Other,0.0,0.0,,0.3,default_unscored,False,default_unscored,1,True,0.5,8,1,0.09090909090909091,4,0.5555555555555556,0.3,0.16666666666666666,0.15,0.08333333333333333,0.015151515151515152
https://openalex.org/W4323644227,https://openalex.org/W2612128091,W4323644227,W2612128091,False,https://openalex.org/W4323644227,https://openalex.org/W2612128091,W4323644227,W2612128091,W4323644227->W2612128091,W4323644227->W2612128091,high_confidence,Discussion,0.0,0.7,0.9,0.1714999999999999,deepseek:deepseek-chat,True,target_aligned_llm,0,False,1.0,0,0,1.0,6,0.45454545454545453,0.1714999999999999,0.0779545454545454,0.1714999999999999,0.0779545454545454,0.0779545454545454
https://openalex.org/W3202603574,https://openalex.org/W2974598553,W3202603574,W2974598553,False,https://openalex.org/W3202603574,https://openalex.org/W2974598553,W3202603574,W2974598553,W3202603574->W2974598553,W3202603574->W2974598553,high_confidence,Other,0.0,0.1,0.5,0.001,deepseek:deepseek-chat,True,target_aligned_llm,0,False,1.0,0,0,1.0,2,0.7142857142857143,0.001,0.0007142857142857143,0.001,0.0007142857142857143,0.0007142857142857143
https://openalex.org/W3206864493,https://openalex.org/W2974598553,W3206864493,W2974598553,False,https://openalex.org/W3206864493,https://openalex.org/W2974598553,W3206864493,W2974598553,W3206864493->W2974598553,W3206864493->W2974598553,failed,Other,0.0,0.0,,0.3,default_unscored,False,default_unscored,0,False,1.0,0,0,1.0,2,0.7142857142857143,0.3,0.21428571428571427,0.3,0.21428571428571427,0.21428571428571427
https://openalex.org/W3210061505,https://openalex.org/W2293940046,W3210061505,W2293940046,False,https://openalex.org/W3210061505,https://openalex.org/W2293940046,W3210061505,W2293940046,W3210061505->W2293940046,W3210061505->W2293940046,ambiguous,Other,0.0,0.0,,0.3,default_unscored,False,default_unscored,0,False,1.0,0,0,1.0,6,0.45454545454545453,0.3,0.13636363636363635,0.3,0.13636363636363635,0.13636363636363635
https://openalex.org/W3210061505,https://openalex.org/W2533772775,W3210061505,W2533772775,True,https://openalex.org/W3210061505,https://openalex.org/W2533772775,W3210061505,W2533772775,W3210061505->W2533772775,W3210061505->W2533772775,ambiguous,Other,0.0,0.0,,0.3,default_unscored,False,default_unscored,5,True,0.16666666666666666,35,2,0.023255813953488372,5,0.5,0.3,0.15,0.049999999999999996,0.024999999999999998,0.0034883720930232558
https://openalex.org/W3210061505,https://openalex.org/W2743929098,W3210061505,W2743929098,False,https://openalex.org/W3210061505,https://openalex.org/W2743929098,W3210061505,W2743929098,W3210061505->W2743929098,W3210061505->W2743929098,ambiguous,Other,0.0,0.0,,0.3,default_unscored,False,default_unscored,0,False,1.0,0,0,1.0,4,0.5555555555555556,0.3,0.16666666666666666,0.3,0.16666666666666666,0.16666666666666666
https://openalex.org/W3210061505,https://openalex.org/W2759182208,W3210061505,W2759182208,False,https://openalex.org/W3210061505,https://openalex.org/W2759182208,W3210061505,W2759182208,W3210061505->W2759182208,W3210061505->W2759182208,failed,Other,0.0,0.0,,0.3,default_unscored,False,default_unscored,0,False,1.0,0,0,1.0,4,0.5555555555555556,0.3,0.16666666666666666,0.3,0.16666666666666666,0.16666666666666666
https://openalex.org/W3210061505,https://openalex.org/W2765365501,W3210061505,W2765365501,False,https://openalex.org/W3210061505,https://openalex.org/W2765365501,W3210061505,W2765365501,W3210061505->W2765365501,W3210061505->W2765365501,ambiguous,Other,0.0,0.0,,0.3,default_unscored,False,default_unscored,0,False,1.0,0,0,1.0,4,0.5555555555555556,0.3,0.16666666666666666,0.3,0.16666666666666666,0.16666666666666666
https://openalex.org/W3210061505,https://openalex.org/W2790400697,W3210061505,W2790400697,False,https://openalex.org/W3210061505,https://openalex.org/W2790400697,W3210061505,W2790400697,W3210061505->W2790400697,W3210061505->W2790400697,ambiguous,Other,0.0,0.0,,0.3,default_unscored,False,default_unscored,0,False,1.0,0,0,1.0,3,0.625,0.3,0.1875,0.3,0.1875,0.1875
https://openalex.org/W3210061505,https://openalex.org/W2920282816,W3210061505,W2920282816,False,https://openalex.org/W3210061505,https://openalex.org/W2920282816,W3210061505,W2920282816,W3210061505->W2920282816,W3210061505->W2920282816,ambiguous,Other,0.0,0.0,,0.3,default_unscored,False,default_unscored,0,False,1.0,0,0,1.0,2,0.7142857142857143,0.3,0.21428571428571427,0.3,0.21428571428571427,0.21428571428571427
https://openalex.org/W4220901737,https://openalex.org/W2765365501,W4220901737,W2765365501,False,https://openalex.org/W4220901737,https://openalex.org/W2765365501,W4220901737,W2765365501,W4220901737->W2765365501,W4220901737->W2765365501,failed,Other,0.0,0.0,,0.3,default_unscored,False,default_unscored,0,False,1.0,0,0,1.0,5,0.5,0.3,0.15,0.3,0.15,0.15
https://openalex.org/W4220901737,https://openalex.org/W2790400697,W4220901737,W2790400697,False,https://openalex.org/W4220901737,https://openalex.org/W2790400697,W4220901737,W2790400697,W4220901737->W2790400697,W4220901737->W2790400697,ambiguous,Other,0.0,0.0,,0.3,default_unscored,False,default_unscored,0,False,1.0,0,0,1.0,4,0.5555555555555556,0.3,0.16666666666666666,0.3,0.16666666666666666,0.16666666666666666
https://openalex.org/W2289113545,https://openalex.org/W1994174199,W2289113545,W1994174199,False,https://openalex.org/W2289113545,https://openalex.org/W1994174199,W2289113545,W1994174199,W2289113545->W1994174199,W2289113545->W1994174199,failed,Other,0.0,0.0,,0.3,default_unscored,False,default_unscored,0,False,1.0,0,0,1.0,2,0.7142857142857143,0.3,0.21428571428571427,0.3,0.21428571428571427,0.21428571428571427
https://openalex.org/W2919782326,https://openalex.org/W2612128091,W2919782326,W2612128091,False,https://openalex.org/W2919782326,https://openalex.org/W2612128091,W2919782326,W2612128091,W2919782326->W2612128091,W2919782326->W2612128091,failed,Other,0.0,0.0,,0.3,default_unscored,False,default_unscored,0,False,1.0,0,0,1.0,2,0.7142857142857143,0.3,0.21428571428571427,0.3,0.21428571428571427,0.21428571428571427
https://openalex.org/W4377865288,https://openalex.org/W2910976764,W4377865288,W2910976764,False,https://openalex.org/W4377865288,https://openalex.org/W2910976764,W4377865288,W2910976764,W4377865288->W2910976764,W4377865288->W2910976764,grouped,Introduction,0.5,0.6,0.8,0.108,deepseek:deepseek-chat,True,target_aligned_llm,0,False,1.0,0,0,1.0,3,0.625,0.108,0.0675,0.108,0.0675,0.0675
https://openalex.org/W4226305897,https://openalex.org/W2293940046,W4226305897,W2293940046,False,https://openalex.org/W4226305897,https://openalex.org/W2293940046,W4226305897,W2293940046,W4226305897->W2293940046,W4226305897->W2293940046,high_confidence,Result,0.0,0.4,0.9,0.08,deepseek:deepseek-chat,True,target_aligned_llm,0,False,1.0,0,0,1.0,6,0.45454545454545453,0.08,0.03636363636363636,0.08,0.03636363636363636,0.03636363636363636
https://openalex.org/W3121615946,https://openalex.org/W2533772775,W3121615946,W2533772775,False,https://openalex.org/W3121615946,https://openalex.org/W2533772775,W3121615946,W2533772775,W3121615946->W2533772775,W3121615946->W2533772775,failed,Other,0.0,0.0,,0.3,default_unscored,False,default_unscored,0,False,1.0,0,0,1.0,4,0.5555555555555556,0.3,0.16666666666666666,0.3,0.16666666666666666,0.16666666666666666
https://openalex.org/W2514159439,https://openalex.org/W2045522464,W2514159439,W2045522464,False,https://openalex.org/W2514159439,https://openalex.org/W2045522464,W2514159439,W2045522464,W2514159439->W2045522464,W2514159439->W2045522464,failed,Other,0.0,0.0,,0.3,default_unscored,False,default_unscored,0,False,1.0,0,1,0.5,1,0.8333333333333334,0.3,0.25,0.3,0.25,0.125
https://openalex.org/W2934375453,https://openalex.org/W2743929098,W2934375453,W2743929098,False,https://openalex.org/W2934375453,https://openalex.org/W2743929098,W2934375453,W2743929098,W2934375453->W2743929098,W2934375453->W2743929098,failed,Other,0.0,0.0,,0.3,default_unscored,False,default_unscored,0,False,1.0,0,0,1.0,2,0.7142857142857143,0.3,0.21428571428571427,0.3,0.21428571428571427,0.21428571428571427
https://openalex.org/W2934375453,https://openalex.org/W2759182208,W2934375453,W2759182208,False,https://openalex.org/W2934375453,https://openalex.org/W2759182208,W2934375453,W2759182208,W2934375453->W2759182208,W2934375453->W2759182208,failed,Other,0.0,0.0,,0.3,default_unscored,False,default_unscored,0,False,1.0,0,0,1.0,2,0.7142857142857143,0.3,0.21428571428571427,0.3,0.21428571428571427,0.21428571428571427
https://openalex.org/W3195579788,https://openalex.org/W2168402580,W3195579788,W2168402580,False,https://openalex.org/W3195579788,https://openalex.org/W2168402580,W3195579788,W2168402580,W3195579788->W2168402580,W3195579788->W2168402580,high_confidence,Other,0.5,0.9,0.8,0.1215,deepseek:deepseek-chat,True,target_aligned_llm,0,False,1.0,0,0,1.0,10,0.3333333333333333,0.1215,0.040499999999999994,0.1215,0.040499999999999994,0.040499999999999994
https://openalex.org/W3195579788,https://openalex.org/W2473283431,W3195579788,W2473283431,False,https://openalex.org/W3195579788,https://openalex.org/W2473283431,W3195579788,W2473283431,W3195579788->W2473283431,W3195579788->W2473283431,failed,Other,0.0,0.0,,0.3,default_unscored,False,default_unscored,0,False,1.0,0,0,1.0,6,0.45454545454545453,0.3,0.13636363636363635,0.3,0.13636363636363635,0.13636363636363635
https://openalex.org/W3195579788,https://openalex.org/W2612128091,W3195579788,W2612128091,False,https://openalex.org/W3195579788,https://openalex.org/W2612128091,W3195579788,W2612128091,W3195579788->W2612128091,W3195579788->W2612128091,high_confidence,Other,0.5,0.7,0.9,0.0735,deepseek:deepseek-chat,True,target_aligned_llm,0,False,1.0,0,0,1.0,5,0.5,0.0735,0.03675,0.0735,0.03675,0.03675
https://openalex.org/W3195579788,https://openalex.org/W2743929098,W3195579788,W2743929098,False,https://openalex.org/W3195579788,https://openalex.org/W2743929098,W3195579788,W2743929098,W3195579788->W2743929098,W3195579788->W2743929098,high_confidence,Methodology,0.1,0.75,0.9,0.309375,deepseek:deepseek-chat,True,target_aligned_llm,0,False,1.0,0,0,1.0,5,0.5,0.309375,0.1546875,0.309375,0.1546875,0.1546875
https://openalex.org/W3195579788,https://openalex.org/W2765365501,W3195579788,W2765365501,False,https://openalex.org/W3195579788,https://openalex.org/W2765365501,W3195579788,W2765365501,W3195579788->W2765365501,W3195579788->W2765365501,grouped,Introduction,0.5,0.6,0.7,0.108,deepseek:deepseek-chat,True,target_aligned_llm,0,False,1.0,0,0,1.0,5,0.5,0.108,0.054,0.108,0.054,0.054
https://openalex.org/W3195579788,https://openalex.org/W2790400697,W3195579788,W2790400697,False,https://openalex.org/W3195579788,https://openalex.org/W2790400697,W3195579788,W2790400697,W3195579788->W2790400697,W3195579788->W2790400697,grouped,Introduction,0.0,0.3,0.8,0.018,deepseek:deepseek-chat,True,target_aligned_llm,0,False,1.0,0,0,1.0,4,0.5555555555555556,0.018,0.01,0.018,0.01,0.01
https://openalex.org/W3195579788,https://openalex.org/W3084177365,W3195579788,W3084177365,False,https://openalex.org/W3195579788,https://openalex.org/W3084177365,W3195579788,W3084177365,W3195579788->W3084177365,W3195579788->W3084177365,grouped,Introduction,0.2,0.6,0.9,0.0863999999999999,deepseek:deepseek-chat,True,target_aligned_llm,0,False,1.0,0,1,0.5,2,0.7142857142857143,0.0863999999999999,0.06171428571428564,0.0863999999999999,0.06171428571428564,0.03085714285714282
https://openalex.org/W3084177365,https://openalex.org/W2010653253,W3084177365,W2010653253,False,https://openalex.org/W3084177365,https://openalex.org/W2010653253,W3084177365,W2010653253,W3084177365->W2010653253,W3084177365->W2010653253,high_confidence,Introduction,0.0,0.3,0.9,0.018,deepseek:deepseek-chat,True,target_aligned_llm,0,False,1.0,0,0,1.0,7,0.4166666666666667,0.018,0.0075,0.018,0.0075,0.0075
https://openalex.org/W3084177365,https://openalex.org/W2168402580,W3084177365,W2168402580,False,https://openalex.org/W3084177365,https://openalex.org/W2168402580,W3084177365,W2168402580,W3084177365->W2168402580,W3084177365->W2168402580,high_confidence,Methodology,0.0,0.7,0.8,0.2449999999999999,deepseek:deepseek-chat,True,target_aligned_llm,0,False,1.0,0,0,1.0,8,0.38461538461538464,0.2449999999999999,0.0942307692307692,0.2449999999999999,0.0942307692307692,0.0942307692307692
https://openalex.org/W3084177365,https://openalex.org/W2293940046,W3084177365,W2293940046,False,https://openalex.org/W3084177365,https://openalex.org/W2293940046,W3084177365,W2293940046,W3084177365->W2293940046,W3084177365->W2293940046,high_confidence,Methodology,0.0,0.7,0.9,0.2449999999999999,deepseek:deepseek-chat,True,target_aligned_llm,0,False,1.0,0,0,1.0,5,0.5,0.2449999999999999,0.12249999999999996,0.2449999999999999,0.12249999999999996,0.12249999999999996
https://openalex.org/W3084177365,https://openalex.org/W2612128091,W3084177365,W2612128091,False,https://openalex.org/W3084177365,https://openalex.org/W2612128091,W3084177365,W2612128091,W3084177365->W2612128091,W3084177365->W2612128091,high_confidence,Methodology,0.6,0.8,0.9,0.5120000000000001,deepseek:deepseek-chat,True,target_aligned_llm,0,False,1.0,0,0,1.0,3,0.625,0.5120000000000001,0.32000000000000006,0.5120000000000001,0.32000000000000006,0.32000000000000006
https://openalex.org/W3084177365,https://openalex.org/W2734426755,W3084177365,W2734426755,False,https://openalex.org/W3084177365,https://openalex.org/W2734426755,W3084177365,W2734426755,W3084177365->W2734426755,W3084177365->W2734426755,high_confidence,Introduction,0.2,0.6,0.9,0.0863999999999999,deepseek:deepseek-chat,True,target_aligned_llm,0,False,1.0,0,0,1.0,3,0.625,0.0863999999999999,0.05399999999999994,0.0863999999999999,0.05399999999999994,0.05399999999999994
https://openalex.org/W3084177365,https://openalex.org/W2743929098,W3084177365,W2743929098,False,https://openalex.org/W3084177365,https://openalex.org/W2743929098,W3084177365,W2743929098,W3084177365->W2743929098,W3084177365->W2743929098,high_confidence,Methodology,0.5,0.7,0.9,0.3674999999999999,deepseek:deepseek-chat,True,target_aligned_llm,0,False,1.0,0,0,1.0,3,0.625,0.3674999999999999,0.22968749999999993,0.3674999999999999,0.22968749999999993,0.22968749999999993
https://openalex.org/W3084177365,https://openalex.org/W2765365501,W3084177365,W2765365501,False,https://openalex.org/W3084177365,https://openalex.org/W2765365501,W3084177365,W2765365501,W3084177365->W2765365501,W3084177365->W2765365501,high_confidence,Other,0.0,0.3,0.6,0.009,deepseek:deepseek-chat,True,target_aligned_llm,0,False,1.0,0,0,1.0,3,0.625,0.009,0.005625,0.009,0.005625,0.005625
https://openalex.org/W3084177365,https://openalex.org/W2790400697,W3084177365,W2790400697,False,https://openalex.org/W3084177365,https://openalex.org/W2790400697,W3084177365,W2790400697,W3084177365->W2790400697,W3084177365->W2790400697,high_confidence,Introduction,0.0,0.5,0.9,0.05,deepseek:deepseek-chat,True,target_aligned_llm,0,False,1.0,0,0,1.0,2,0.7142857142857143,0.05,0.03571428571428572,0.05,0.03571428571428572,0.03571428571428572
https://openalex.org/W3084177365,https://openalex.org/W2974598553,W3084177365,W2974598553,False,https://openalex.org/W3084177365,https://openalex.org/W2974598553,W3084177365,W2974598553,W3084177365->W2974598553,W3084177365->W2974598553,failed,Other,0.0,0.0,,0.3,default_unscored,False,default_unscored,0,False,1.0,0,0,1.0,1,0.8333333333333334,0.3,0.25,0.3,0.25,0.25
https://openalex.org/W3121615946,https://openalex.org/W2790400697,W3121615946,W2790400697,False,https://openalex.org/W3121615946,https://openalex.org/W2790400697,W3121615946,W2790400697,W3121615946->W2790400697,W3121615946->W2790400697,failed,Other,0.0,0.0,,0.3,default_unscored,False,default_unscored,0,False,1.0,0,0,1.0,2,0.7142857142857143,0.3,0.21428571428571427,0.3,0.21428571428571427,0.21428571428571427
https://openalex.org/W2790400697,https://openalex.org/W2765365501,W2790400697,W2765365501,False,https://openalex.org/W2790400697,https://openalex.org/W2765365501,W2790400697,W2765365501,W2790400697->W2765365501,W2790400697->W2765365501,high_confidence,Methodology,0.0,0.6,0.8,0.18,deepseek:deepseek-chat,True,target_aligned_llm,0,False,1.0,0,0,1.0,1,0.8333333333333334,0.18,0.15,0.18,0.15,0.15
https://openalex.org/W3040491562,https://openalex.org/W2533772775,W3040491562,W2533772775,False,https://openalex.org/W3040491562,https://openalex.org/W2533772775,W3040491562,W2533772775,W3040491562->W2533772775,W3040491562->W2533772775,failed,Other,0.0,0.0,,0.3,default_unscored,False,default_unscored,0,False,1.0,0,0,1.0,4,0.5555555555555556,0.3,0.16666666666666666,0.3,0.16666666666666666,0.16666666666666666
https://openalex.org/W2790400697,https://openalex.org/W2743929098,W2790400697,W2743929098,False,https://openalex.org/W2790400697,https://openalex.org/W2743929098,W2790400697,W2743929098,W2790400697->W2743929098,W2790400697->W2743929098,high_confidence,Methodology,0.0,0.2,0.8,0.02,deepseek:deepseek-chat,True,target_aligned_llm,0,False,1.0,0,0,1.0,1,0.8333333333333334,0.02,0.016666666666666666,0.02,0.016666666666666666,0.016666666666666666
https://openalex.org/W3002742063,https://openalex.org/W2289113545,W3002742063,W2289113545,False,https://openalex.org/W3002742063,https://openalex.org/W2289113545,W3002742063,W2289113545,W3002742063->W2289113545,W3002742063->W2289113545,failed,Other,0.0,0.0,,0.3,default_unscored,False,default_unscored,0,False,1.0,0,0,1.0,4,0.5555555555555556,0.3,0.16666666666666666,0.3,0.16666666666666666,0.16666666666666666
https://openalex.org/W2974598553,https://openalex.org/W3123243120,W2974598553,W3123243120,True,https://openalex.org/W2974598553,https://openalex.org/W3123243120,W2974598553,W3123243120,W2974598553->W3123243120,W2974598553->W3123243120,failed,Other,0.0,0.0,,0.3,default_unscored,False,default_unscored,0,False,1.0,0,1,0.5,0,1.0,0.3,0.3,0.3,0.3,0.15
https://openalex.org/W3089176333,https://openalex.org/W2293940046,W3089176333,W2293940046,False,https://openalex.org/W3089176333,https://openalex.org/W2293940046,W3089176333,W2293940046,W3089176333->W2293940046,W3089176333->W2293940046,high_confidence,Introduction,0.2,0.5,0.9,0.06,deepseek:deepseek-chat,True,target_aligned_llm,0,False,1.0,0,0,1.0,5,0.5,0.06,0.03,0.06,0.03,0.03
https://openalex.org/W3089176333,https://openalex.org/W2612128091,W3089176333,W2612128091,False,https://openalex.org/W3089176333,https://openalex.org/W2612128091,W3089176333,W2612128091,W3089176333->W2612128091,W3089176333->W2612128091,high_confidence,Other,0.0,0.5,0.8,0.025,deepseek:deepseek-chat,True,target_aligned_llm,0,False,1.0,0,0,1.0,3,0.625,0.025,0.015625,0.025,0.015625,0.015625
https://openalex.org/W3089176333,https://openalex.org/W2743929098,W3089176333,W2743929098,False,https://openalex.org/W3089176333,https://openalex.org/W2743929098,W3089176333,W2743929098,W3089176333->W2743929098,W3089176333->W2743929098,failed,Other,0.0,0.0,,0.3,default_unscored,False,default_unscored,0,False,1.0,0,0,1.0,3,0.625,0.3,0.1875,0.3,0.1875,0.1875
https://openalex.org/W3089176333,https://openalex.org/W2920282816,W3089176333,W2920282816,False,https://openalex.org/W3089176333,https://openalex.org/W2920282816,W3089176333,W2920282816,W3089176333->W2920282816,W3089176333->W2920282816,high_confidence,Introduction,0.0,0.6,0.9,0.072,deepseek:deepseek-chat,True,target_aligned_llm,0,False,1.0,0,0,1.0,1,0.8333333333333334,0.072,0.06,0.072,0.06,0.06
https://openalex.org/W4226382147,https://openalex.org/W2045522464,W4226382147,W2045522464,False,https://openalex.org/W4226382147,https://openalex.org/W2045522464,W4226382147,W2045522464,W4226382147->W2045522464,W4226382147->W2045522464,failed,Other,0.0,0.0,,0.3,default_unscored,False,default_unscored,0,False,1.0,0,1,0.5,7,0.4166666666666667,0.3,0.125,0.3,0.125,0.0625
https://openalex.org/W2533772775,https://openalex.org/W2168402580,W2533772775,W2168402580,False,https://openalex.org/W2533772775,https://openalex.org/W2168402580,W2533772775,W2168402580,W2533772775->W2168402580,W2533772775->W2168402580,high_confidence,Introduction,0.0,0.6,0.8,0.072,deepseek:deepseek-chat,True,target_aligned_llm,0,False,1.0,0,0,1.0,4,0.5555555555555556,0.072,0.04,0.072,0.04,0.04
https://openalex.org/W2996741051,https://openalex.org/W2010653253,W2996741051,W2010653253,False,https://openalex.org/W2996741051,https://openalex.org/W2010653253,W2996741051,W2010653253,W2996741051->W2010653253,W2996741051->W2010653253,failed,Other,0.0,0.0,,0.3,default_unscored,False,default_unscored,0,False,1.0,0,0,1.0,6,0.45454545454545453,0.3,0.13636363636363635,0.3,0.13636363636363635,0.13636363636363635
https://openalex.org/W3186955607,https://openalex.org/W2018362551,W3186955607,W2018362551,False,https://openalex.org/W3186955607,https://openalex.org/W2018362551,W3186955607,W2018362551,W3186955607->W2018362551,W3186955607->W2018362551,failed,Other,0.0,0.0,,0.3,default_unscored,False,default_unscored,0,False,1.0,0,0,1.0,6,0.45454545454545453,0.3,0.13636363636363635,0.3,0.13636363636363635,0.13636363636363635
https://openalex.org/W2473283431,https://openalex.org/W1841962286,W2473283431,W1841962286,False,https://openalex.org/W2473283431,https://openalex.org/W1841962286,W2473283431,W1841962286,W2473283431->W1841962286,W2473283431->W1841962286,failed,Other,0.0,0.0,,0.3,default_unscored,False,default_unscored,0,False,1.0,0,0,1.0,3,0.625,0.3,0.1875,0.3,0.1875,0.1875
https://openalex.org/W2473283431,https://openalex.org/W2180742472,W2473283431,W2180742472,False,https://openalex.org/W2473283431,https://openalex.org/W2180742472,W2473283431,W2180742472,W2473283431->W2180742472,W2473283431->W2180742472,high_confidence,Methodology,0.0,0.8,0.9,0.32,deepseek:deepseek-chat,True,target_aligned_llm,0,False,1.0,0,0,1.0,1,0.8333333333333334,0.32,0.26666666666666666,0.32,0.26666666666666666,0.26666666666666666
https://openalex.org/W2473283431,https://openalex.org/W2289113545,W2473283431,W2289113545,True,https://openalex.org/W2473283431,https://openalex.org/W2289113545,W2473283431,W2289113545,W2473283431->W2289113545,W2473283431->W2289113545,failed,Other,0.0,0.0,,0.3,default_unscored,False,default_unscored,6,True,0.14285714285714285,24,3,0.029411764705882353,0,1.0,0.3,0.3,0.04285714285714285,0.04285714285714285,0.008823529411764706
https://openalex.org/W2790400697,https://openalex.org/W2168402580,W2790400697,W2168402580,False,https://openalex.org/W2790400697,https://openalex.org/W2168402580,W2790400697,W2168402580,W2790400697->W2168402580,W2790400697->W2168402580,high_confidence,Methodology,0.0,0.6,0.9,0.18,deepseek:deepseek-chat,True,target_aligned_llm,0,False,1.0,0,0,1.0,6,0.45454545454545453,0.18,0.08181818181818182,0.18,0.08181818181818182,0.08181818181818182
https://openalex.org/W2790400697,https://openalex.org/W2289113545,W2790400697,W2289113545,False,https://openalex.org/W2790400697,https://openalex.org/W2289113545,W2790400697,W2289113545,W2790400697->W2289113545,W2790400697->W2289113545,high_confidence,Methodology,0.4,0.6,0.9,0.252,deepseek:deepseek-chat,True,target_aligned_llm,0,False,1.0,0,0,1.0,2,0.7142857142857143,0.252,0.18,0.252,0.18,0.18
https://openalex.org/W2790400697,https://openalex.org/W2293940046,W2790400697,W2293940046,False,https://openalex.org/W2790400697,https://openalex.org/W2293940046,W2790400697,W2293940046,W2790400697->W2293940046,W2790400697->W2293940046,high_confidence,Other,0.0,0.3,0.9,0.009,deepseek:deepseek-chat,True,target_aligned_llm,0,False,1.0,0,0,1.0,3,0.625,0.009,0.005625,0.009,0.005625,0.005625
https://openalex.org/W2790400697,https://openalex.org/W2473283431,W2790400697,W2473283431,False,https://openalex.org/W2790400697,https://openalex.org/W2473283431,W2790400697,W2473283431,W2790400697->W2473283431,W2790400697->W2473283431,high_confidence,Methodology,0.0,0.5,0.8,0.125,deepseek:deepseek-chat,True,target_aligned_llm,0,False,1.0,0,0,1.0,2,0.7142857142857143,0.125,0.08928571428571429,0.125,0.08928571428571429,0.08928571428571429
https://openalex.org/W2790400697,https://openalex.org/W2533772775,W2790400697,W2533772775,False,https://openalex.org/W2790400697,https://openalex.org/W2533772775,W2790400697,W2533772775,W2790400697->W2533772775,W2790400697->W2533772775,high_confidence,Introduction,0.0,0.3,0.8,0.018,deepseek:deepseek-chat,True,target_aligned_llm,0,False,1.0,0,0,1.0,2,0.7142857142857143,0.018,0.012857142857142857,0.018,0.012857142857142857,0.012857142857142857
https://openalex.org/W2790400697,https://openalex.org/W2734426755,W2790400697,W2734426755,False,https://openalex.org/W2790400697,https://openalex.org/W2734426755,W2790400697,W2734426755,W2790400697->W2734426755,W2790400697->W2734426755,high_confidence,Result,0.2,0.5,0.9,0.15,deepseek:deepseek-chat,True,target_aligned_llm,0,False,1.0,0,0,1.0,1,0.8333333333333334,0.15,0.125,0.15,0.125,0.125
https://openalex.org/W4226305897,https://openalex.org/W2533772775,W4226305897,W2533772775,False,https://openalex.org/W4226305897,https://openalex.org/W2533772775,W4226305897,W2533772775,W4226305897->W2533772775,W4226305897->W2533772775,grouped,Result,0.0,0.7,0.9,0.2449999999999999,deepseek:deepseek-chat,True,target_aligned_llm,0,False,1.0,0,0,1.0,5,0.5,0.2449999999999999,0.12249999999999996,0.2449999999999999,0.12249999999999996,0.12249999999999996
https://openalex.org/W3008256197,https://openalex.org/W2974598553,W3008256197,W2974598553,True,https://openalex.org/W3008256197,https://openalex.org/W2974598553,W3008256197,W2974598553,W3008256197->W2974598553,W3008256197->W2974598553,failed,Other,0.0,0.0,,0.3,default_unscored,False,default_unscored,0,False,1.0,0,2,0.3333333333333333,1,0.8333333333333334,0.3,0.25,0.3,0.25,0.08333333333333333
https://openalex.org/W2010653253,https://openalex.org/W2097281067,W2010653253,W2097281067,True,https://openalex.org/W2010653253,https://openalex.org/W2097281067,W2010653253,W2097281067,W2010653253->W2097281067,W2010653253->W2097281067,failed,Other,0.0,0.0,,0.3,default_unscored,False,default_unscored,4,True,0.2,12,1,0.05555555555555555,1,0.8333333333333334,0.3,0.25,0.06,0.05,0.013888888888888888
https://openalex.org/W3021125948,https://openalex.org/W2010653253,W3021125948,W2010653253,False,https://openalex.org/W3021125948,https://openalex.org/W2010653253,W3021125948,W2010653253,W3021125948->W2010653253,W3021125948->W2010653253,failed,Other,0.0,0.0,,0.3,default_unscored,False,default_unscored,0,False,1.0,0,0,1.0,7,0.4166666666666667,0.3,0.125,0.3,0.125,0.125
https://openalex.org/W4226305897,https://openalex.org/W2018362551,W4226305897,W2018362551,False,https://openalex.org/W4226305897,https://openalex.org/W2018362551,W4226305897,W2018362551,W4226305897->W2018362551,W4226305897->W2018362551,range,Result,-0.3,0.4,0.7,0.0016,deepseek:deepseek-chat,True,target_aligned_llm,0,False,1.0,0,0,1.0,6,0.45454545454545453,0.0016,0.0007272727272727273,0.0016,0.0007272727272727273,0.0007272727272727273
https://openalex.org/W2942073230,https://openalex.org/W2289113545,W2942073230,W2289113545,False,https://openalex.org/W2942073230,https://openalex.org/W2289113545,W2942073230,W2289113545,W2942073230->W2289113545,W2942073230->W2289113545,high_confidence,Methodology,0.0,0.6,0.9,0.18,deepseek:deepseek-chat,True,target_aligned_llm,0,False,1.0,0,0,1.0,3,0.625,0.18,0.11249999999999999,0.18,0.11249999999999999,0.11249999999999999
https://openalex.org/W2942073230,https://openalex.org/W2293940046,W2942073230,W2293940046,False,https://openalex.org/W2942073230,https://openalex.org/W2293940046,W2942073230,W2293940046,W2942073230->W2293940046,W2942073230->W2293940046,high_confidence,Introduction,0.5,0.6,0.8,0.108,deepseek:deepseek-chat,True,target_aligned_llm,0,False,1.0,0,0,1.0,4,0.5555555555555556,0.108,0.060000000000000005,0.108,0.060000000000000005,0.060000000000000005
https://openalex.org/W2942073230,https://openalex.org/W2533772775,W2942073230,W2533772775,False,https://openalex.org/W2942073230,https://openalex.org/W2533772775,W2942073230,W2533772775,W2942073230->W2533772775,W2942073230->W2533772775,high_confidence,Introduction,0.0,0.2,0.9,0.008,deepseek:deepseek-chat,True,target_aligned_llm,0,False,1.0,0,0,1.0,3,0.625,0.008,0.005,0.008,0.005,0.005
https://openalex.org/W2942073230,https://openalex.org/W2743929098,W2942073230,W2743929098,False,https://openalex.org/W2942073230,https://openalex.org/W2743929098,W2942073230,W2743929098,W2942073230->W2743929098,W2942073230->W2743929098,failed,Other,0.0,0.0,,0.3,default_unscored,False,default_unscored,0,False,1.0,0,0,1.0,2,0.7142857142857143,0.3,0.21428571428571427,0.3,0.21428571428571427,0.21428571428571427
https://openalex.org/W2942073230,https://openalex.org/W2765365501,W2942073230,W2765365501,False,https://openalex.org/W2942073230,https://openalex.org/W2765365501,W2942073230,W2765365501,W2942073230->W2765365501,W2942073230->W2765365501,grouped,Other,0.0,0.2,0.8,0.004,deepseek:deepseek-chat,True,target_aligned_llm,0,False,1.0,0,0,1.0,2,0.7142857142857143,0.004,0.002857142857142857,0.004,0.002857142857142857,0.002857142857142857
https://openalex.org/W2921968831,https://openalex.org/W2759182208,W2921968831,W2759182208,False,https://openalex.org/W2921968831,https://openalex.org/W2759182208,W2921968831,W2759182208,W2921968831->W2759182208,W2921968831->W2759182208,high_confidence,Methodology,0.8,0.9,0.95,0.7290000000000001,deepseek:deepseek-chat,True,target_aligned_llm,0,False,1.0,0,0,1.0,2,0.7142857142857143,0.7290000000000001,0.5207142857142858,0.7290000000000001,0.5207142857142858,0.5207142857142858
https://openalex.org/W2921968831,https://openalex.org/W2533772775,W2921968831,W2533772775,False,https://openalex.org/W2921968831,https://openalex.org/W2533772775,W2921968831,W2533772775,W2921968831->W2533772775,W2921968831->W2533772775,high_confidence,Other,0.0,0.5,0.8,0.025,deepseek:deepseek-chat,True,target_aligned_llm,0,False,1.0,0,0,1.0,3,0.625,0.025,0.015625,0.025,0.015625,0.015625
https://openalex.org/W2954543879,https://openalex.org/W2180742472,W2954543879,W2180742472,False,https://openalex.org/W2954543879,https://openalex.org/W2180742472,W2954543879,W2180742472,W2954543879->W2180742472,W2954543879->W2180742472,ambiguous,Other,0.0,0.0,,0.3,default_unscored,False,default_unscored,0,False,1.0,0,0,1.0,4,0.5555555555555556,0.3,0.16666666666666666,0.3,0.16666666666666666,0.16666666666666666
https://openalex.org/W2921968831,https://openalex.org/W1841962286,W2921968831,W1841962286,False,https://openalex.org/W2921968831,https://openalex.org/W1841962286,W2921968831,W1841962286,W2921968831->W1841962286,W2921968831->W1841962286,high_confidence,Introduction,0.0,0.5,0.8,0.05,deepseek:deepseek-chat,True,target_aligned_llm,0,False,1.0,0,0,1.0,6,0.45454545454545453,0.05,0.022727272727272728,0.05,0.022727272727272728,0.022727272727272728
https://openalex.org/W3096125752,https://openalex.org/W2974598553,W3096125752,W2974598553,True,https://openalex.org/W3096125752,https://openalex.org/W2974598553,W3096125752,W2974598553,W3096125752->W2974598553,W3096125752->W2974598553,failed,Other,0.0,0.0,,0.3,default_unscored,False,default_unscored,0,False,1.0,0,1,0.5,1,0.8333333333333334,0.3,0.25,0.3,0.25,0.125
https://openalex.org/W2310916783,https://openalex.org/W2168402580,W2310916783,W2168402580,False,https://openalex.org/W2310916783,https://openalex.org/W2168402580,W2310916783,W2168402580,W2310916783->W2168402580,W2310916783->W2168402580,failed,Other,0.0,0.0,,0.3,default_unscored,False,default_unscored,0,False,1.0,0,0,1.0,5,0.5,0.3,0.15,0.3,0.15,0.15
https://openalex.org/W3127298136,https://openalex.org/W3123243120,W3127298136,W3123243120,True,https://openalex.org/W3127298136,https://openalex.org/W3123243120,W3127298136,W3123243120,W3127298136->W3123243120,W3127298136->W3123243120,failed,Other,0.0,0.0,,0.3,default_unscored,False,default_unscored,0,False,1.0,0,1,0.5,2,0.7142857142857143,0.3,0.21428571428571427,0.3,0.21428571428571427,0.10714285714285714
https://openalex.org/W3127298136,https://openalex.org/W3124517880,W3127298136,W3124517880,False,https://openalex.org/W3127298136,https://openalex.org/W3124517880,W3127298136,W3124517880,W3127298136->W3124517880,W3127298136->W3124517880,failed,Other,0.0,0.0,,0.3,default_unscored,False,default_unscored,0,False,1.0,0,0,1.0,12,0.29411764705882354,0.3,0.08823529411764706,0.3,0.08823529411764706,0.08823529411764706
https://openalex.org/W2743929098,https://openalex.org/W2293940046,W2743929098,W2293940046,False,https://openalex.org/W2743929098,https://openalex.org/W2293940046,W2743929098,W2293940046,W2743929098->W2293940046,W2743929098->W2293940046,failed,Other,0.0,0.0,,0.3,default_unscored,False,default_unscored,0,False,1.0,0,0,1.0,2,0.7142857142857143,0.3,0.21428571428571427,0.3,0.21428571428571427,0.21428571428571427
https://openalex.org/W2920282816,https://openalex.org/W2612128091,W2920282816,W2612128091,False,https://openalex.org/W2920282816,https://openalex.org/W2612128091,W2920282816,W2612128091,W2920282816->W2612128091,W2920282816->W2612128091,failed,Other,0.0,0.0,,0.3,default_unscored,False,default_unscored,0,False,1.0,0,0,1.0,2,0.7142857142857143,0.3,0.21428571428571427,0.3,0.21428571428571427,0.21428571428571427
https://openalex.org/W2906578628,https://openalex.org/W2473283431,W2906578628,W2473283431,False,https://openalex.org/W2906578628,https://openalex.org/W2473283431,W2906578628,W2473283431,W2906578628->W2473283431,W2906578628->W2473283431,high_confidence,Other,0.0,0.3,0.8,0.009,deepseek:deepseek-chat,True,target_aligned_llm,0,False,1.0,0,0,1.0,2,0.7142857142857143,0.009,0.0064285714285714285,0.009,0.0064285714285714285,0.0064285714285714285
https://openalex.org/W2921968831,https://openalex.org/W2790400697,W2921968831,W2790400697,False,https://openalex.org/W2921968831,https://openalex.org/W2790400697,W2921968831,W2790400697,W2921968831->W2790400697,W2921968831->W2790400697,high_confidence,Introduction,0.5,0.8,0.9,0.192,deepseek:deepseek-chat,True,target_aligned_llm,0,False,1.0,0,0,1.0,1,0.8333333333333334,0.192,0.16,0.192,0.16,0.16
https://openalex.org/W4322604225,https://openalex.org/W2910976764,W4322604225,W2910976764,False,https://openalex.org/W4322604225,https://openalex.org/W2910976764,W4322604225,W2910976764,W4322604225->W2910976764,W4322604225->W2910976764,failed,Other,0.0,0.0,,0.3,default_unscored,False,default_unscored,0,False,1.0,0,0,1.0,3,0.625,0.3,0.1875,0.3,0.1875,0.1875
https://openalex.org/W4319769514,https://openalex.org/W2293940046,W4319769514,W2293940046,False,https://openalex.org/W4319769514,https://openalex.org/W2293940046,W4319769514,W2293940046,W4319769514->W2293940046,W4319769514->W2293940046,high_confidence,Methodology,0.0,0.6,0.9,0.18,deepseek:deepseek-chat,True,target_aligned_llm,0,False,1.0,0,0,1.0,8,0.38461538461538464,0.18,0.06923076923076923,0.18,0.06923076923076923,0.06923076923076923
https://openalex.org/W2920282816,https://openalex.org/W2920282816,W2920282816,W2920282816,True,https://openalex.org/W2920282816,https://openalex.org/W2920282816,W2920282816,W2920282816,W2920282816->W2920282816,W2920282816->W2920282816,failed,Other,0.0,0.0,,0.3,default_unscored,False,default_unscored,3,True,0.25,3,1,0.125,0,1.0,0.3,0.3,0.075,0.075,0.0375
https://openalex.org/W2097281067,https://openalex.org/W2097281067,W2097281067,W2097281067,True,https://openalex.org/W2097281067,https://openalex.org/W2097281067,W2097281067,W2097281067,W2097281067->W2097281067,W2097281067->W2097281067,failed,Other,0.0,0.0,,0.3,default_unscored,False,default_unscored,5,True,0.16666666666666666,15,2,0.043478260869565216,0,1.0,0.3,0.3,0.049999999999999996,0.049999999999999996,0.013043478260869565
https://openalex.org/W2993467838,https://openalex.org/W2790400697,W2993467838,W2790400697,False,https://openalex.org/W2993467838,https://openalex.org/W2790400697,W2993467838,W2790400697,W2993467838->W2790400697,W2993467838->W2790400697,failed,Other,0.0,0.0,,0.3,default_unscored,False,default_unscored,0,False,1.0,0,0,1.0,1,0.8333333333333334,0.3,0.25,0.3,0.25,0.25
https://openalex.org/W4281293246,https://openalex.org/W2018362551,W4281293246,W2018362551,False,https://openalex.org/W4281293246,https://openalex.org/W2018362551,W4281293246,W2018362551,W4281293246->W2018362551,W4281293246->W2018362551,failed,Other,0.0,0.0,,0.3,default_unscored,False,default_unscored,0,False,1.0,0,0,1.0,7,0.4166666666666667,0.3,0.125,0.3,0.125,0.125
https://openalex.org/W2920282816,https://openalex.org/W2168402580,W2920282816,W2168402580,False,https://openalex.org/W2920282816,https://openalex.org/W2168402580,W2920282816,W2168402580,W2920282816->W2168402580,W2920282816->W2168402580,failed,Other,0.0,0.0,,0.3,default_unscored,False,default_unscored,0,False,1.0,0,0,1.0,7,0.4166666666666667,0.3,0.125,0.3,0.125,0.125
https://openalex.org/W4281293246,https://openalex.org/W2920282816,W4281293246,W2920282816,False,https://openalex.org/W4281293246,https://openalex.org/W2920282816,W4281293246,W2920282816,W4281293246->W2920282816,W4281293246->W2920282816,failed,Other,0.0,0.0,,0.3,default_unscored,False,default_unscored,0,False,1.0,0,0,1.0,3,0.625,0.3,0.1875,0.3,0.1875,0.1875
https://openalex.org/W2950902070,https://openalex.org/W2010653253,W2950902070,W2010653253,True,https://openalex.org/W2950902070,https://openalex.org/W2010653253,W2950902070,W2010653253,W2950902070->W2010653253,W2950902070->W2010653253,failed,Other,0.0,0.0,,0.3,default_unscored,False,default_unscored,4,True,0.2,8,1,0.07142857142857142,0,1.0,0.3,0.3,0.06,0.06,0.021428571428571425
https://openalex.org/W2950902070,https://openalex.org/W2097281067,W2950902070,W2097281067,True,https://openalex.org/W2950902070,https://openalex.org/W2097281067,W2950902070,W2097281067,W2950902070->W2097281067,W2950902070->W2097281067,failed,Other,0.0,0.0,,0.3,default_unscored,False,default_unscored,4,True,0.2,12,1,0.05555555555555555,0,1.0,0.3,0.3,0.06,0.06,0.016666666666666666
https://openalex.org/W4289544372,https://openalex.org/W2018362551,W4289544372,W2018362551,False,https://openalex.org/W4289544372,https://openalex.org/W2018362551,W4289544372,W2018362551,W4289544372->W2018362551,W4289544372->W2018362551,failed,Other,0.0,0.0,,0.3,default_unscored,False,default_unscored,0,False,1.0,0,0,1.0,7,0.4166666666666667,0.3,0.125,0.3,0.125,0.125
https://openalex.org/W4289544372,https://openalex.org/W2974598553,W4289544372,W2974598553,False,https://openalex.org/W4289544372,https://openalex.org/W2974598553,W4289544372,W2974598553,W4289544372->W2974598553,W4289544372->W2974598553,failed,Other,0.0,0.0,,0.3,default_unscored,False,default_unscored,0,False,1.0,0,0,1.0,3,0.625,0.3,0.1875,0.3,0.1875,0.1875
https://openalex.org/W4289544372,https://openalex.org/W3123243120,W4289544372,W3123243120,False,https://openalex.org/W4289544372,https://openalex.org/W3123243120,W4289544372,W3123243120,W4289544372->W3123243120,W4289544372->W3123243120,failed,Other,0.0,0.0,,0.3,default_unscored,False,default_unscored,0,False,1.0,0,0,1.0,3,0.625,0.3,0.1875,0.3,0.1875,0.1875
https://openalex.org/W3021370403,https://openalex.org/W2790400697,W3021370403,W2790400697,False,https://openalex.org/W3021370403,https://openalex.org/W2790400697,W3021370403,W2790400697,W3021370403->W2790400697,W3021370403->W2790400697,high_confidence,Introduction,0.4,0.8,0.9,0.1792,deepseek:deepseek-chat,True,target_aligned_llm,0,False,1.0,0,0,1.0,2,0.7142857142857143,0.1792,0.128,0.1792,0.128,0.128
https://openalex.org/W4284704402,https://openalex.org/W3215634159,W4284704402,W3215634159,True,https://openalex.org/W4284704402,https://openalex.org/W3215634159,W4284704402,W3215634159,W4284704402->W3215634159,W4284704402->W3215634159,failed,Other,0.0,0.0,,0.3,default_unscored,False,default_unscored,3,True,0.25,30,1,0.02857142857142857,1,0.8333333333333334,0.3,0.25,0.075,0.0625,0.007142857142857143
https://openalex.org/W4319769514,https://openalex.org/W3084177365,W4319769514,W3084177365,False,https://openalex.org/W4319769514,https://openalex.org/W3084177365,W4319769514,W3084177365,W4319769514->W3084177365,W4319769514->W3084177365,high_confidence,Introduction,0.3,0.5,0.9,0.065,deepseek:deepseek-chat,True,target_aligned_llm,0,False,1.0,0,1,0.5,3,0.625,0.065,0.040625,0.065,0.040625,0.0203125
https://openalex.org/W4390728454,https://openalex.org/W2790400697,W4390728454,W2790400697,False,https://openalex.org/W4390728454,https://openalex.org/W2790400697,W4390728454,W2790400697,W4390728454->W2790400697,W4390728454->W2790400697,failed,Other,0.0,0.0,,0.3,default_unscored,False,default_unscored,0,False,1.0,0,0,1.0,6,0.45454545454545453,0.3,0.13636363636363635,0.3,0.13636363636363635,0.13636363636363635
https://openalex.org/W2954543879,https://openalex.org/W2045522464,W2954543879,W2045522464,False,https://openalex.org/W2954543879,https://openalex.org/W2045522464,W2954543879,W2045522464,W2954543879->W2045522464,W2954543879->W2045522464,failed,Other,0.0,0.0,,0.3,default_unscored,False,default_unscored,0,False,1.0,0,0,1.0,4,0.5555555555555556,0.3,0.16666666666666666,0.3,0.16666666666666666,0.16666666666666666
https://openalex.org/W2612128091,https://openalex.org/W2168402580,W2612128091,W2168402580,False,https://openalex.org/W2612128091,https://openalex.org/W2168402580,W2612128091,W2168402580,W2612128091->W2168402580,W2612128091->W2168402580,failed,Other,0.0,0.0,,0.3,default_unscored,False,default_unscored,1,True,0.5,4,0,0.16666666666666666,5,0.5,0.3,0.15,0.15,0.075,0.024999999999999998
https://openalex.org/W2327152018,https://openalex.org/W2010653253,W2327152018,W2010653253,True,https://openalex.org/W2327152018,https://openalex.org/W2010653253,W2327152018,W2010653253,W2327152018->W2010653253,W2327152018->W2010653253,failed,Other,0.0,0.0,,0.3,default_unscored,False,default_unscored,4,True,0.2,16,1,0.045454545454545456,2,0.7142857142857143,0.3,0.21428571428571427,0.06,0.04285714285714286,0.00974025974025974
https://openalex.org/W4323644227,https://openalex.org/W2743929098,W4323644227,W2743929098,False,https://openalex.org/W4323644227,https://openalex.org/W2743929098,W4323644227,W2743929098,W4323644227->W2743929098,W4323644227->W2743929098,high_confidence,Introduction,0.8,0.9,0.9,0.2916,deepseek:deepseek-chat,True,target_aligned_llm,1,True,0.5,2,0,0.25,6,0.45454545454545453,0.2916,0.13254545454545455,0.1458,0.06627272727272727,0.03313636363636364
https://openalex.org/W4360991875,https://openalex.org/W2910976764,W4360991875,W2910976764,False,https://openalex.org/W4360991875,https://openalex.org/W2910976764,W4360991875,W2910976764,W4360991875->W2910976764,W4360991875->W2910976764,failed,Other,0.0,0.0,,0.3,default_unscored,False,default_unscored,0,False,1.0,0,0,1.0,3,0.625,0.3,0.1875,0.3,0.1875,0.1875
https://openalex.org/W4323644227,https://openalex.org/W2790400697,W4323644227,W2790400697,False,https://openalex.org/W4323644227,https://openalex.org/W2790400697,W4323644227,W2790400697,W4323644227->W2790400697,W4323644227->W2790400697,high_confidence,Introduction,0.0,0.3,0.9,0.018,deepseek:deepseek-chat,True,target_aligned_llm,0,False,1.0,0,0,1.0,5,0.5,0.018,0.009,0.018,0.009,0.009
https://openalex.org/W4323644227,https://openalex.org/W2765365501,W4323644227,W2765365501,False,https://openalex.org/W4323644227,https://openalex.org/W2765365501,W4323644227,W2765365501,W4323644227->W2765365501,W4323644227->W2765365501,high_confidence,Introduction,0.0,0.5,0.9,0.05,deepseek:deepseek-chat,True,target_aligned_llm,0,False,1.0,0,0,1.0,6,0.45454545454545453,0.05,0.022727272727272728,0.05,0.022727272727272728,0.022727272727272728
https://openalex.org/W4288685807,https://openalex.org/W2920282816,W4288685807,W2920282816,False,https://openalex.org/W4288685807,https://openalex.org/W2920282816,W4288685807,W2920282816,W4288685807->W2920282816,W4288685807->W2920282816,failed,Other,0.0,0.0,,0.3,default_unscored,False,default_unscored,0,False,1.0,0,0,1.0,3,0.625,0.3,0.1875,0.3,0.1875,0.1875
https://openalex.org/W2067195421,https://openalex.org/W2010653253,W2067195421,W2010653253,False,https://openalex.org/W2067195421,https://openalex.org/W2010653253,W2067195421,W2010653253,W2067195421->W2010653253,W2067195421->W2010653253,failed,Other,0.0,0.0,,0.3,default_unscored,False,default_unscored,0,False,1.0,0,0,1.0,1,0.8333333333333334,0.3,0.25,0.3,0.25,0.25
https://openalex.org/W1994174199,https://openalex.org/W2950902070,W1994174199,W2950902070,False,https://openalex.org/W1994174199,https://openalex.org/W2950902070,W1994174199,W2950902070,W1994174199->W2950902070,W1994174199->W2950902070,high_confidence,Introduction,0.0,0.5,0.9,0.05,deepseek:deepseek-chat,True,target_aligned_llm,0,False,1.0,0,0,1.0,2,0.7142857142857143,0.05,0.03571428571428572,0.05,0.03571428571428572,0.03571428571428572
https://openalex.org/W4281710558,https://openalex.org/W3215634159,W4281710558,W3215634159,True,https://openalex.org/W4281710558,https://openalex.org/W3215634159,W4281710558,W3215634159,W4281710558->W3215634159,W4281710558->W3215634159,failed,Other,0.0,0.0,,0.3,default_unscored,False,default_unscored,1,True,0.5,14,1,0.058823529411764705,1,0.8333333333333334,0.3,0.25,0.15,0.125,0.014705882352941176
https://openalex.org/W2180742472,https://openalex.org/W2097281067,W2180742472,W2097281067,True,https://openalex.org/W2180742472,https://openalex.org/W2097281067,W2180742472,W2097281067,W2180742472->W2097281067,W2180742472->W2097281067,failed,Other,0.0,0.0,,0.3,default_unscored,False,default_unscored,4,True,0.2,12,1,0.05555555555555555,3,0.625,0.3,0.1875,0.06,0.037500000000000006,0.010416666666666666
https://openalex.org/W4293428560,https://openalex.org/W3215634159,W4293428560,W3215634159,True,https://openalex.org/W4293428560,https://openalex.org/W3215634159,W4293428560,W3215634159,W4293428560->W3215634159,W4293428560->W3215634159,failed,Other,0.0,0.0,,0.3,default_unscored,False,default_unscored,2,True,0.3333333333333333,16,1,0.05,1,0.8333333333333334,0.3,0.25,0.09999999999999999,0.08333333333333333,0.0125
https://openalex.org/W4388068877,https://openalex.org/W2293940046,W4388068877,W2293940046,False,https://openalex.org/W4388068877,https://openalex.org/W2293940046,W4388068877,W2293940046,W4388068877->W2293940046,W4388068877->W2293940046,failed,Other,0.0,0.0,,0.3,default_unscored,False,default_unscored,0,False,1.0,0,0,1.0,8,0.38461538461538464,0.3,0.11538461538461539,0.3,0.11538461538461539,0.11538461538461539
https://openalex.org/W4323644227,https://openalex.org/W2734426755,W4323644227,W2734426755,False,https://openalex.org/W4323644227,https://openalex.org/W2734426755,W4323644227,W2734426755,W4323644227->W2734426755,W4323644227->W2734426755,high_confidence,Methodology,0.0,0.7,0.9,0.2449999999999999,deepseek:deepseek-chat,True,target_aligned_llm,0,False,1.0,0,0,1.0,6,0.45454545454545453,0.2449999999999999,0.11136363636363632,0.2449999999999999,0.11136363636363632,0.11136363636363632
https://openalex.org/W4388068877,https://openalex.org/W3084177365,W4388068877,W3084177365,False,https://openalex.org/W4388068877,https://openalex.org/W3084177365,W4388068877,W3084177365,W4388068877->W3084177365,W4388068877->W3084177365,failed,Other,0.0,0.0,,0.3,default_unscored,False,default_unscored,0,False,1.0,0,0,1.0,3,0.625,0.3,0.1875,0.3,0.1875,0.1875
https://openalex.org/W2994622980,https://openalex.org/W2289113545,W2994622980,W2289113545,False,https://openalex.org/W2994622980,https://openalex.org/W2289113545,W2994622980,W2289113545,W2994622980->W2289113545,W2994622980->W2289113545,failed,Other,0.0,0.0,,0.3,default_unscored,False,default_unscored,0,False,1.0,0,0,1.0,3,0.625,0.3,0.1875,0.3,0.1875,0.1875
https://openalex.org/W2994622980,https://openalex.org/W2790400697,W2994622980,W2790400697,False,https://openalex.org/W2994622980,https://openalex.org/W2790400697,W2994622980,W2790400697,W2994622980->W2790400697,W2994622980->W2790400697,failed,Other,0.0,0.0,,0.3,default_unscored,False,default_unscored,0,False,1.0,0,0,1.0,1,0.8333333333333334,0.3,0.25,0.3,0.25,0.25
https://openalex.org/W4386021011,https://openalex.org/W3084177365,W4386021011,W3084177365,False,https://openalex.org/W4386021011,https://openalex.org/W3084177365,W4386021011,W3084177365,W4386021011->W3084177365,W4386021011->W3084177365,failed,Other,0.0,0.0,,0.3,default_unscored,False,default_unscored,0,False,1.0,0,0,1.0,3,0.625,0.3,0.1875,0.3,0.1875,0.1875
https://openalex.org/W2920282816,https://openalex.org/W2734426755,W2920282816,W2734426755,True,https://openalex.org/W2920282816,https://openalex.org/W2734426755,W2920282816,W2734426755,W2920282816->W2734426755,W2920282816->W2734426755,failed,Other,0.0,0.0,,0.3,default_unscored,False,default_unscored,2,True,0.3333333333333333,8,1,0.08333333333333333,2,0.7142857142857143,0.3,0.21428571428571427,0.09999999999999999,0.07142857142857142,0.017857142857142856
https://openalex.org/W2581979418,https://openalex.org/W1998665878,W2581979418,W1998665878,True,https://openalex.org/W2581979418,https://openalex.org/W1998665878,W2581979418,W1998665878,W2581979418->W1998665878,W2581979418->W1998665878,failed,Other,0.0,0.0,,0.3,default_unscored,False,default_unscored,2,True,0.3333333333333333,6,2,0.09090909090909091,2,0.7142857142857143,0.3,0.21428571428571427,0.09999999999999999,0.07142857142857142,0.01948051948051948
https://openalex.org/W2180742472,https://openalex.org/W2010653253,W2180742472,W2010653253,True,https://openalex.org/W2180742472,https://openalex.org/W2010653253,W2180742472,W2010653253,W2180742472->W2010653253,W2180742472->W2010653253,failed,Other,0.0,0.0,,0.3,default_unscored,False,default_unscored,4,True,0.2,8,1,0.07142857142857142,2,0.7142857142857143,0.3,0.21428571428571427,0.06,0.04285714285714286,0.01530612244897959
https://openalex.org/W2293940046,https://openalex.org/W2168402580,W2293940046,W2168402580,True,https://openalex.org/W2293940046,https://openalex.org/W2168402580,W2293940046,W2168402580,W2293940046->W2168402580,W2293940046->W2168402580,failed,Other,0.0,0.0,,0.3,default_unscored,False,default_unscored,5,True,0.16666666666666666,15,1,0.045454545454545456,3,0.625,0.3,0.1875,0.049999999999999996,0.03125,0.008522727272727272
https://openalex.org/W2011238498,https://openalex.org/W3124517880,W2011238498,W3124517880,False,https://openalex.org/W2011238498,https://openalex.org/W3124517880,W2011238498,W3124517880,W2011238498->W3124517880,W2011238498->W3124517880,failed,Other,0.0,0.0,,0.3,default_unscored,False,default_unscored,0,False,1.0,0,0,1.0,0,1.0,0.3,0.3,0.3,0.3,0.3
https://openalex.org/W2734445852,https://openalex.org/W2293940046,W2734445852,W2293940046,False,https://openalex.org/W2734445852,https://openalex.org/W2293940046,W2734445852,W2293940046,W2734445852->W2293940046,W2734445852->W2293940046,failed,Other,0.0,0.0,,0.3,default_unscored,False,default_unscored,0,False,1.0,0,0,1.0,2,0.7142857142857143,0.3,0.21428571428571427,0.3,0.21428571428571427,0.21428571428571427
https://openalex.org/W4382600626,https://openalex.org/W3123243120,W4382600626,W3123243120,False,https://openalex.org/W4382600626,https://openalex.org/W3123243120,W4382600626,W3123243120,W4382600626->W3123243120,W4382600626->W3123243120,failed,Other,0.0,0.0,,0.3,default_unscored,False,default_unscored,0,False,1.0,0,0,1.0,4,0.5555555555555556,0.3,0.16666666666666666,0.3,0.16666666666666666,0.16666666666666666
https://openalex.org/W2126626399,https://openalex.org/W2168402580,W2126626399,W2168402580,False,https://openalex.org/W2126626399,https://openalex.org/W2168402580,W2126626399,W2168402580,W2126626399->W2168402580,W2126626399->W2168402580,failed,Other,0.0,0.0,,0.3,default_unscored,False,default_unscored,0,False,1.0,0,0,1.0,1,0.8333333333333334,0.3,0.25,0.3,0.25,0.25
https://openalex.org/W4382600626,https://openalex.org/W2974598553,W4382600626,W2974598553,False,https://openalex.org/W4382600626,https://openalex.org/W2974598553,W4382600626,W2974598553,W4382600626->W2974598553,W4382600626->W2974598553,failed,Other,0.0,0.0,,0.3,default_unscored,False,default_unscored,0,False,1.0,0,0,1.0,4,0.5555555555555556,0.3,0.16666666666666666,0.3,0.16666666666666666,0.16666666666666666
https://openalex.org/W3215634159,https://openalex.org/W3121615946,W3215634159,W3121615946,False,https://openalex.org/W3215634159,https://openalex.org/W3121615946,W3215634159,W3121615946,W3215634159->W3121615946,W3215634159->W3121615946,failed,Other,0.0,0.0,,0.3,default_unscored,False,default_unscored,0,False,1.0,0,0,1.0,1,0.8333333333333334,0.3,0.25,0.3,0.25,0.25
https://openalex.org/W4323644227,https://openalex.org/W3084177365,W4323644227,W3084177365,False,https://openalex.org/W4323644227,https://openalex.org/W3084177365,W4323644227,W3084177365,W4323644227->W3084177365,W4323644227->W3084177365,failed,Other,0.0,0.0,,0.3,default_unscored,False,default_unscored,0,False,1.0,0,0,1.0,3,0.625,0.3,0.1875,0.3,0.1875,0.1875
https://openalex.org/W2123954539,https://openalex.org/W1777686370,W2123954539,W1777686370,False,https://openalex.org/W2123954539,https://openalex.org/W1777686370,W2123954539,W1777686370,W2123954539->W1777686370,W2123954539->W1777686370,failed,Other,0.0,0.0,,0.3,default_unscored,False,default_unscored,0,False,1.0,0,0,1.0,5,0.5,0.3,0.15,0.3,0.15,0.15
https://openalex.org/W1777686370,https://openalex.org/W2150449738,W1777686370,W2150449738,True,https://openalex.org/W1777686370,https://openalex.org/W2150449738,W1777686370,W2150449738,W1777686370->W2150449738,W1777686370->W2150449738,failed,Other,0.0,0.0,,0.3,default_unscored,False,default_unscored,2,True,0.3333333333333333,20,1,0.041666666666666664,1,0.8333333333333334,0.3,0.25,0.09999999999999999,0.08333333333333333,0.010416666666666666
https://openalex.org/W3209462287,https://openalex.org/W2974598553,W3209462287,W2974598553,False,https://openalex.org/W3209462287,https://openalex.org/W2974598553,W3209462287,W2974598553,W3209462287->W2974598553,W3209462287->W2974598553,failed,Other,0.0,0.0,,0.3,default_unscored,False,default_unscored,0,False,1.0,0,0,1.0,3,0.625,0.3,0.1875,0.3,0.1875,0.1875
https://openalex.org/W4323644227,https://openalex.org/W2919782326,W4323644227,W2919782326,False,https://openalex.org/W4323644227,https://openalex.org/W2919782326,W4323644227,W2919782326,W4323644227->W2919782326,W4323644227->W2919782326,failed,Other,0.0,0.0,,0.3,default_unscored,False,default_unscored,0,False,1.0,0,0,1.0,4,0.5555555555555556,0.3,0.16666666666666666,0.3,0.16666666666666666,0.16666666666666666
https://openalex.org/W2190764372,https://openalex.org/W2067195421,W2190764372,W2067195421,False,https://openalex.org/W2190764372,https://openalex.org/W2067195421,W2190764372,W2067195421,W2190764372->W2067195421,W2190764372->W2067195421,failed,Other,0.0,0.0,,0.3,default_unscored,False,default_unscored,0,False,1.0,0,1,0.5,1,0.8333333333333334,0.3,0.25,0.3,0.25,0.125
https://openalex.org/W3084177365,https://openalex.org/W4243417153,W3084177365,W4243417153,False,https://openalex.org/W3084177365,https://openalex.org/W4243417153,W3084177365,W4243417153,W3084177365->W4243417153,W3084177365->W4243417153,high_confidence,Methodology,0.0,0.8,0.9,0.32,deepseek:deepseek-chat,True,target_aligned_llm,0,False,1.0,0,0,1.0,5,0.5,0.32,0.16,0.32,0.16,0.16
https://openalex.org/W4319769514,https://openalex.org/W3195579788,W4319769514,W3195579788,True,https://openalex.org/W4319769514,https://openalex.org/W3195579788,W4319769514,W3195579788,W4319769514->W3195579788,W4319769514->W3195579788,high_confidence,Introduction,0.5,0.3,0.9,0.027,deepseek:deepseek-chat,True,target_aligned_llm,1,True,0.5,16,1,0.05263157894736842,1,0.8333333333333334,0.027,0.0225,0.0135,0.01125,0.0011842105263157893
https://openalex.org/W3084177365,https://openalex.org/W2919782326,W3084177365,W2919782326,False,https://openalex.org/W3084177365,https://openalex.org/W2919782326,W3084177365,W2919782326,W3084177365->W2919782326,W3084177365->W2919782326,failed,Other,0.0,0.0,,0.3,default_unscored,False,default_unscored,0,False,1.0,0,0,1.0,1,0.8333333333333334,0.3,0.25,0.3,0.25,0.25
https://openalex.org/W3195579788,https://openalex.org/W3089176333,W3195579788,W3089176333,False,https://openalex.org/W3195579788,https://openalex.org/W3089176333,W3195579788,W3089176333,W3195579788->W3089176333,W3195579788->W3089176333,high_confidence,Introduction,0.5,0.8,0.9,0.192,deepseek:deepseek-chat,True,target_aligned_llm,0,False,1.0,0,0,1.0,2,0.7142857142857143,0.192,0.13714285714285715,0.192,0.13714285714285715,0.13714285714285715
https://openalex.org/W4310251148,https://openalex.org/W3014121762,W4310251148,W3014121762,False,https://openalex.org/W4310251148,https://openalex.org/W3014121762,W4310251148,W3014121762,W4310251148->W3014121762,W4310251148->W3014121762,failed,Other,0.0,0.0,,0.3,default_unscored,False,default_unscored,0,False,1.0,0,0,1.0,2,0.7142857142857143,0.3,0.21428571428571427,0.3,0.21428571428571427,0.21428571428571427
https://openalex.org/W4220799794,https://openalex.org/W3021370403,W4220799794,W3021370403,False,https://openalex.org/W4220799794,https://openalex.org/W3021370403,W4220799794,W3021370403,W4220799794->W3021370403,W4220799794->W3021370403,failed,Other,0.0,0.0,,0.3,default_unscored,False,default_unscored,0,False,1.0,0,0,1.0,2,0.7142857142857143,0.3,0.21428571428571427,0.3,0.21428571428571427,0.21428571428571427
https://openalex.org/W4310251148,https://openalex.org/W3040491562,W4310251148,W3040491562,False,https://openalex.org/W4310251148,https://openalex.org/W3040491562,W4310251148,W3040491562,W4310251148->W3040491562,W4310251148->W3040491562,failed,Other,0.0,0.0,,0.3,default_unscored,False,default_unscored,0,False,1.0,0,0,1.0,2,0.7142857142857143,0.3,0.21428571428571427,0.3,0.21428571428571427,0.21428571428571427
https://openalex.org/W3084177365,https://openalex.org/W2126626399,W3084177365,W2126626399,False,https://openalex.org/W3084177365,https://openalex.org/W2126626399,W3084177365,W2126626399,W3084177365->W2126626399,W3084177365->W2126626399,high_confidence,Methodology,0.0,0.6,0.8,0.18,deepseek:deepseek-chat,True,target_aligned_llm,0,False,1.0,0,0,1.0,7,0.4166666666666667,0.18,0.075,0.18,0.075,0.075
https://openalex.org/W3195579788,https://openalex.org/W2126626399,W3195579788,W2126626399,False,https://openalex.org/W3195579788,https://openalex.org/W2126626399,W3195579788,W2126626399,W3195579788->W2126626399,W3195579788->W2126626399,grouped,Introduction,0.0,0.3,0.8,0.018,deepseek:deepseek-chat,True,target_aligned_llm,0,False,1.0,0,0,1.0,9,0.35714285714285715,0.018,0.0064285714285714285,0.018,0.0064285714285714285,0.0064285714285714285
https://openalex.org/W4323644227,https://openalex.org/W2916829860,W4323644227,W2916829860,False,https://openalex.org/W4323644227,https://openalex.org/W2916829860,W4323644227,W2916829860,W4323644227->W2916829860,W4323644227->W2916829860,failed,Other,0.0,0.0,,0.3,default_unscored,False,default_unscored,0,False,1.0,0,0,1.0,4,0.5555555555555556,0.3,0.16666666666666666,0.3,0.16666666666666666,0.16666666666666666
https://openalex.org/W4226305897,https://openalex.org/W2126626399,W4226305897,W2126626399,False,https://openalex.org/W4226305897,https://openalex.org/W2126626399,W4226305897,W2126626399,W4226305897->W2126626399,W4226305897->W2126626399,high_confidence,Other,0.2,0.3,0.8,0.0107999999999999,deepseek:deepseek-chat,True,target_aligned_llm,0,False,1.0,0,0,1.0,8,0.38461538461538464,0.0107999999999999,0.004153846153846116,0.0107999999999999,0.004153846153846116,0.004153846153846116
https://openalex.org/W4281293246,https://openalex.org/W2916829860,W4281293246,W2916829860,False,https://openalex.org/W4281293246,https://openalex.org/W2916829860,W4281293246,W2916829860,W4281293246->W2916829860,W4281293246->W2916829860,failed,Other,0.0,0.0,,0.3,default_unscored,False,default_unscored,0,False,1.0,0,0,1.0,3,0.625,0.3,0.1875,0.3,0.1875,0.1875
https://openalex.org/W2123954539,https://openalex.org/W2156471581,W2123954539,W2156471581,True,https://openalex.org/W2123954539,https://openalex.org/W2156471581,W2123954539,W2156471581,W2123954539->W2156471581,W2123954539->W2156471581,failed,Other,0.0,0.0,,0.3,default_unscored,False,default_unscored,0,False,1.0,0,1,0.5,3,0.625,0.3,0.1875,0.3,0.1875,0.09375
https://openalex.org/W4226305897,https://openalex.org/W2916829860,W4226305897,W2916829860,False,https://openalex.org/W4226305897,https://openalex.org/W2916829860,W4226305897,W2916829860,W4226305897->W2916829860,W4226305897->W2916829860,grouped,Introduction,0.0,0.4,0.8,0.032,deepseek:deepseek-chat,True,target_aligned_llm,0,False,1.0,0,0,1.0,2,0.7142857142857143,0.032,0.022857142857142857,0.032,0.022857142857142857,0.022857142857142857
https://openalex.org/W4226305897,https://openalex.org/W2919782326,W4226305897,W2919782326,False,https://openalex.org/W4226305897,https://openalex.org/W2919782326,W4226305897,W2919782326,W4226305897->W2919782326,W4226305897->W2919782326,failed,Other,0.0,0.0,,0.3,default_unscored,False,default_unscored,0,False,1.0,0,0,1.0,2,0.7142857142857143,0.3,0.21428571428571427,0.3,0.21428571428571427,0.21428571428571427
https://openalex.org/W4226305897,https://openalex.org/W2921968831,W4226305897,W2921968831,False,https://openalex.org/W4226305897,https://openalex.org/W2921968831,W4226305897,W2921968831,W4226305897->W2921968831,W4226305897->W2921968831,grouped,Introduction,0.4,0.6,0.7,0.1007999999999999,deepseek:deepseek-chat,True,target_aligned_llm,0,False,1.0,0,0,1.0,2,0.7142857142857143,0.1007999999999999,0.07199999999999994,0.1007999999999999,0.07199999999999994,0.07199999999999994
https://openalex.org/W3008256197,https://openalex.org/W3209462287,W3008256197,W3209462287,False,https://openalex.org/W3008256197,https://openalex.org/W3209462287,W3008256197,W3209462287,W3008256197->W3209462287,W3008256197->W3209462287,failed,Other,0.0,0.0,,0.3,default_unscored,False,default_unscored,0,False,1.0,0,0,1.0,0,1.0,0.3,0.3,0.3,0.3,0.3
https://openalex.org/W4360991875,https://openalex.org/W4243417153,W4360991875,W4243417153,False,https://openalex.org/W4360991875,https://openalex.org/W4243417153,W4360991875,W4243417153,W4360991875->W4243417153,W4360991875->W4243417153,failed,Other,0.0,0.0,,0.3,default_unscored,False,default_unscored,0,False,1.0,0,0,1.0,8,0.38461538461538464,0.3,0.11538461538461539,0.3,0.11538461538461539,0.11538461538461539
https://openalex.org/W4360991875,https://openalex.org/W3008256197,W4360991875,W3008256197,False,https://openalex.org/W4360991875,https://openalex.org/W3008256197,W4360991875,W3008256197,W4360991875->W3008256197,W4360991875->W3008256197,failed,Other,0.0,0.0,,0.3,default_unscored,False,default_unscored,0,False,1.0,0,0,1.0,3,0.625,0.3,0.1875,0.3,0.1875,0.1875
https://openalex.org/W2180742472,https://openalex.org/W2327152018,W2180742472,W2327152018,True,https://openalex.org/W2180742472,https://openalex.org/W2327152018,W2180742472,W2327152018,W2180742472->W2327152018,W2180742472->W2327152018,failed,Other,0.0,0.0,,0.3,default_unscored,False,default_unscored,4,True,0.2,16,1,0.045454545454545456,0,1.0,0.3,0.3,0.06,0.06,0.013636363636363636
https://openalex.org/W3210061505,https://openalex.org/W2916829860,W3210061505,W2916829860,False,https://openalex.org/W3210061505,https://openalex.org/W2916829860,W3210061505,W2916829860,W3210061505->W2916829860,W3210061505->W2916829860,ambiguous,Other,0.0,0.0,,0.3,default_unscored,False,default_unscored,0,False,1.0,0,0,1.0,2,0.7142857142857143,0.3,0.21428571428571427,0.3,0.21428571428571427,0.21428571428571427
https://openalex.org/W3210061505,https://openalex.org/W2919782326,W3210061505,W2919782326,False,https://openalex.org/W3210061505,https://openalex.org/W2919782326,W3210061505,W2919782326,W3210061505->W2919782326,W3210061505->W2919782326,ambiguous,Other,0.0,0.0,,0.3,default_unscored,False,default_unscored,0,False,1.0,0,0,1.0,2,0.7142857142857143,0.3,0.21428571428571427,0.3,0.21428571428571427,0.21428571428571427
https://openalex.org/W4220901737,https://openalex.org/W2310916783,W4220901737,W2310916783,False,https://openalex.org/W4220901737,https://openalex.org/W2310916783,W4220901737,W2310916783,W4220901737->W2310916783,W4220901737->W2310916783,high_confidence,Introduction,0.5,0.6,0.7,0.108,deepseek:deepseek-chat,True,target_aligned_llm,0,False,1.0,0,0,1.0,5,0.5,0.108,0.054,0.108,0.054,0.054
https://openalex.org/W2011238498,https://openalex.org/W3111554765,W2011238498,W3111554765,False,https://openalex.org/W2011238498,https://openalex.org/W3111554765,W2011238498,W3111554765,W2011238498->W3111554765,W2011238498->W3111554765,failed,Other,0.0,0.0,,0.3,default_unscored,False,default_unscored,0,False,1.0,0,0,1.0,0,1.0,0.3,0.3,0.3,0.3,0.3
https://openalex.org/W2123954539,https://openalex.org/W2166180954,W2123954539,W2166180954,True,https://openalex.org/W2123954539,https://openalex.org/W2166180954,W2123954539,W2166180954,W2123954539->W2166180954,W2123954539->W2166180954,failed,Other,0.0,0.0,,0.3,default_unscored,False,default_unscored,0,False,1.0,0,1,0.5,2,0.7142857142857143,0.3,0.21428571428571427,0.3,0.21428571428571427,0.10714285714285714
https://openalex.org/W2123954539,https://openalex.org/W2011238498,W2123954539,W2011238498,True,https://openalex.org/W2123954539,https://openalex.org/W2011238498,W2123954539,W2011238498,W2123954539->W2011238498,W2123954539->W2011238498,failed,Other,0.0,0.0,,0.3,default_unscored,False,default_unscored,0,False,1.0,0,1,0.5,1,0.8333333333333334,0.3,0.25,0.3,0.25,0.125
https://openalex.org/W4281293246,https://openalex.org/W4226305897,W4281293246,W4226305897,True,https://openalex.org/W4281293246,https://openalex.org/W4226305897,W4281293246,W4226305897,W4281293246->W4226305897,W4281293246->W4226305897,failed,Other,0.0,0.0,,0.3,default_unscored,False,default_unscored,2,True,0.3333333333333333,12,1,0.0625,1,0.8333333333333334,0.3,0.25,0.09999999999999999,0.08333333333333333,0.015625
https://openalex.org/W4210813858,https://openalex.org/W2734445852,W4210813858,W2734445852,False,https://openalex.org/W4210813858,https://openalex.org/W2734445852,W4210813858,W2734445852,W4210813858->W2734445852,W4210813858->W2734445852,failed,Other,0.0,0.0,,0.3,default_unscored,False,default_unscored,0,False,1.0,0,0,1.0,5,0.5,0.3,0.15,0.3,0.15,0.15
https://openalex.org/W4210813858,https://openalex.org/W2942073230,W4210813858,W2942073230,False,https://openalex.org/W4210813858,https://openalex.org/W2942073230,W4210813858,W2942073230,W4210813858->W2942073230,W4210813858->W2942073230,high_confidence,Methodology,0.0,0.4,0.9,0.08,deepseek:deepseek-chat,True,target_aligned_llm,0,False,1.0,0,0,1.0,3,0.625,0.08,0.05,0.08,0.05,0.05
https://openalex.org/W3021125948,https://openalex.org/W2996741051,W3021125948,W2996741051,True,https://openalex.org/W3021125948,https://openalex.org/W2996741051,W3021125948,W2996741051,W3021125948->W2996741051,W3021125948->W2996741051,failed,Other,0.0,0.0,,0.3,default_unscored,False,default_unscored,3,True,0.25,15,2,0.047619047619047616,1,0.8333333333333334,0.3,0.25,0.075,0.0625,0.011904761904761904
https://openalex.org/W4312395603,https://openalex.org/W3113404185,W4312395603,W3113404185,False,https://openalex.org/W4312395603,https://openalex.org/W3113404185,W4312395603,W3113404185,W4312395603->W3113404185,W4312395603->W3113404185,failed,Other,0.0,0.0,,0.3,default_unscored,False,default_unscored,0,False,1.0,0,0,1.0,2,0.7142857142857143,0.3,0.21428571428571427,0.3,0.21428571428571427,0.21428571428571427
https://openalex.org/W2942073230,https://openalex.org/W2934375453,W2942073230,W2934375453,True,https://openalex.org/W2942073230,https://openalex.org/W2934375453,W2942073230,W2934375453,W2942073230->W2934375453,W2942073230->W2934375453,high_confidence,Introduction,0.5,0.7,0.9,0.147,deepseek:deepseek-chat,True,target_aligned_llm,2,True,0.3333333333333333,2,2,0.14285714285714285,0,1.0,0.147,0.147,0.048999999999999995,0.048999999999999995,0.020999999999999998
https://openalex.org/W4322604225,https://openalex.org/W3096125752,W4322604225,W3096125752,True,https://openalex.org/W4322604225,https://openalex.org/W3096125752,W4322604225,W3096125752,W4322604225->W3096125752,W4322604225->W3096125752,failed,Other,0.0,0.0,,0.3,default_unscored,False,default_unscored,0,False,1.0,0,1,0.5,3,0.625,0.3,0.1875,0.3,0.1875,0.09375
https://openalex.org/W3089176333,https://openalex.org/W2126626399,W3089176333,W2126626399,False,https://openalex.org/W3089176333,https://openalex.org/W2126626399,W3089176333,W2126626399,W3089176333->W2126626399,W3089176333->W2126626399,high_confidence,Methodology,0.8,0.6,0.9,0.324,deepseek:deepseek-chat,True,target_aligned_llm,0,False,1.0,0,0,1.0,7,0.4166666666666667,0.324,0.135,0.324,0.135,0.135
https://openalex.org/W4390728454,https://openalex.org/W4323644227,W4390728454,W4323644227,False,https://openalex.org/W4390728454,https://openalex.org/W4323644227,W4390728454,W4323644227,W4390728454->W4323644227,W4390728454->W4323644227,failed,Other,0.0,0.0,,0.3,default_unscored,False,default_unscored,0,False,1.0,0,0,1.0,1,0.8333333333333334,0.3,0.25,0.3,0.25,0.25
https://openalex.org/W3089176333,https://openalex.org/W2919782326,W3089176333,W2919782326,False,https://openalex.org/W3089176333,https://openalex.org/W2919782326,W3089176333,W2919782326,W3089176333->W2919782326,W3089176333->W2919782326,failed,Other,0.0,0.0,,0.3,default_unscored,False,default_unscored,0,False,1.0,0,0,1.0,1,0.8333333333333334,0.3,0.25,0.3,0.25,0.25
https://openalex.org/W3021370403,https://openalex.org/W2921968831,W3021370403,W2921968831,False,https://openalex.org/W3021370403,https://openalex.org/W2921968831,W3021370403,W2921968831,W3021370403->W2921968831,W3021370403->W2921968831,high_confidence,Methodology,0.2,0.8,0.95,0.384,deepseek:deepseek-chat,True,target_aligned_llm,0,False,1.0,0,0,1.0,1,0.8333333333333334,0.384,0.32,0.384,0.32,0.32
https://openalex.org/W2996741051,https://openalex.org/W2342966760,W2996741051,W2342966760,False,https://openalex.org/W2996741051,https://openalex.org/W2342966760,W2996741051,W2342966760,W2996741051->W2342966760,W2996741051->W2342966760,failed,Other,0.0,0.0,,0.3,default_unscored,False,default_unscored,0,False,1.0,0,0,1.0,4,0.5555555555555556,0.3,0.16666666666666666,0.3,0.16666666666666666,0.16666666666666666
https://openalex.org/W2996741051,https://openalex.org/W2581979418,W2996741051,W2581979418,False,https://openalex.org/W2996741051,https://openalex.org/W2581979418,W2996741051,W2581979418,W2996741051->W2581979418,W2996741051->W2581979418,failed,Other,0.0,0.0,,0.3,default_unscored,False,default_unscored,0,False,1.0,3,0,0.25,2,0.7142857142857143,0.3,0.21428571428571427,0.3,0.21428571428571427,0.05357142857142857
https://openalex.org/W4385311348,https://openalex.org/W4226382147,W4385311348,W4226382147,False,https://openalex.org/W4385311348,https://openalex.org/W4226382147,W4385311348,W4226382147,W4385311348->W4226382147,W4385311348->W4226382147,failed,Other,0.0,0.0,,0.3,default_unscored,False,default_unscored,0,False,1.0,0,0,1.0,1,0.8333333333333334,0.3,0.25,0.3,0.25,0.25
